# qSol1, qSol2, qSol3, t
0.00000e+00, -1.38778e-17, 5.00000e-01, 0.00000e+00
8.30559e-06, 4.97505e-03, 4.95017e-01, 2.00000e-02
1.31565e-04, 1.96032e-02, 4.80265e-01, 4.00000e-02
6.54996e-04, 4.30111e-02, 4.56330e-01, 6.00000e-02
2.02200e-03, 7.38012e-02, 4.24155e-01, 8.00000e-02
4.78875e-03, 1.10135e-01, 3.84993e-01, 1.00000e-01
9.56559e-03, 1.49842e-01, 3.40350e-01, 1.20000e-01
1.69496e-02, 1.90548e-01, 2.91904e-01, 1.40000e-01
2.74538e-02, 2.29816e-01, 2.41432e-01, 1.60000e-01
4.14381e-02, 2.65287e-01, 1.90721e-01, 1.80000e-01
5.90486e-02, 2.94818e-01, 1.41490e-01, 2.00000e-01
8.01689e-02, 3.16605e-01, 9.53071e-02, 2.20000e-01
1.04389e-01, 3.29279e-01, 5.35276e-02, 2.40000e-01
1.30994e-01, 3.31987e-01, 1.72373e-02, 2.60000e-01
1.58978e-01, 3.24428e-01, -1.27857e-02, 2.80000e-01
1.87074e-01, 3.06860e-01, -3.60923e-02, 3.00000e-01
2.13813e-01, 2.80077e-01, -5.25667e-02, 3.20000e-01
2.37597e-01, 2.45349e-01, -6.24126e-02, 3.40000e-01
2.56790e-01, 2.04334e-01, -6.61239e-02, 3.60000e-01
2.69811e-01, 1.58972e-01, -6.44424e-02, 3.80000e-01
2.75241e-01, 1.11361e-01, -5.83038e-02, 4.00000e-01
2.71917e-01, 6.36259e-02, -4.87778e-02, 4.20000e-01
2.59024e-01, 1.77899e-02, -3.70042e-02, 4.40000e-01
2.36166e-01, -2.43446e-02, -2.41304e-02, 4.60000e-01
2.03416e-01, -6.12984e-02, -1.12522e-02, 4.80000e-01
1.61345e-01, -9.19952e-02, 6.37201e-04, 5.00000e-01
1.11019e-01, -1.15812e-01, 1.06885e-02, 5.20000e-01
5.39703e-02, -1.32602e-01, 1.82258e-02, 5.40000e-01
-7.86192e-03, -1.42679e-01, 2.27628e-02, 5.60000e-01
-7.22148e-02, -1.46781e-01, 2.40064e-02, 5.80000e-01
-1.36606e-01, -1.45997e-01, 2.18481e-02, 6.00000e-01
-1.98456e-01, -1.41682e-01, 1.63444e-02, 6.20000e-01
-2.55215e-01, -1.35346e-01, 7.68882e-03, 6.40000e-01
-3.04496e-01, -1.28540e-01, -3.82191e-03, 6.60000e-01
-3.44202e-01, -1.22743e-01, -1.78245e-02, 6.80000e-01
-3.72637e-01, -1.19254e-01, -3.39259e-02, 7.00000e-01
-3.88598e-01, -1.19098e-01, -5.17366e-02, 7.20000e-01
-3.91448e-01, -1.22950e-01, -7.08990e-02, 7.40000e-01
-3.81149e-01, -1.31098e-01, -9.11078e-02, 7.60000e-01
-3.58276e-01, -1.43412e-01, -1.12122e-01, 7.80000e-01
-3.23985e-01, -1.59369e-01, -1.33767e-01, 8.00000e-01
-2.79958e-01, -1.78080e-01, -1.55928e-01, 8.20000e-01
-2.28323e-01, -1.98369e-01, -1.78534e-01, 8.40000e-01
-1.71540e-01, -2.18852e-01, -2.01536e-01, 8.60000e-01
-1.12278e-01, -2.38043e-01, -2.24882e-01, 8.80000e-01
-5.32807e-02, -2.54465e-01, -2.48486e-01, 9.00000e-01
2.77534e-03, -2.66764e-01, -2.72203e-01, 9.20000e-01
5.34120e-02, -2.73806e-01, -2.95802e-01, 9.40000e-01
9.64716e-02, -2.74777e-01, -3.18952e-01, 9.60000e-01
1.30219e-01, -2.69241e-01, -3.41208e-01, 9.80000e-01
1.53418e-01, -2.57193e-01, -3.62018e-01, 1.00000e+00
1.65385e-01, -2.39065e-01, -3.80723e-01, 1.02000e+00
1.66002e-01, -2.15713e-01, -3.96592e-01, 1.04000e+00
1.55708e-01, -1.88369e-01, -4.08843e-01, 1.06000e+00
1.35455e-01, -1.58571e-01, -4.16687e-01, 1.08000e+00
1.06642e-01, -1.28063e-01, -4.19376e-01, 1.10000e+00
7.10237e-02, -9.86848e-02, -4.16251e-01, 1.12000e+00
3.06015e-02, -7.22514e-02, -4.06790e-01, 1.14000e+00
-1.24886e-02, -5.04296e-02, -3.90657e-01, 1.16000e+00
-5.60961e-02, -3.46229e-02, -3.67741e-01, 1.18000e+00
-9.81692e-02, -2.58708e-02, -3.38185e-01, 1.20000e+00
-1.36857e-01, -2.47693e-02, -3.02406e-01, 1.22000e+00
-1.70595e-01, -3.14189e-02, -2.61097e-01, 1.24000e+00
-1.98171e-01, -4.54031e-02, -2.15214e-01, 1.26000e+00
-2.18763e-01, -6.58000e-02, -1.65951e-01, 1.28000e+00
-2.31952e-01, -9.12267e-02, -1.14697e-01, 1.30000e+00
-2.37719e-01, -1.19913e-01, -6.29796e-02, 1.32000e+00
-2.36401e-01, -1.49803e-01, -1.24011e-02, 1.34000e+00
-2.28642e-01, -1.78674e-01, 3.54355e-02, 1.36000e+00
-2.15325e-01, -2.04271e-01, 7.90026e-02, 1.38000e+00
-1.97486e-01, -2.24444e-01, 1.16923e-01, 1.40000e+00
-1.76235e-01, -2.37280e-01, 1.48039e-01, 1.42000e+00
-1.52674e-01, -2.41228e-01, 1.71477e-01, 1.44000e+00
-1.27817e-01, -2.35196e-01, 1.86691e-01, 1.46000e+00
-1.02536e-01, -2.18626e-01, 1.93499e-01, 1.48000e+00
-7.75075e-02, -1.91542e-01, 1.92095e-01, 1.50000e+00
-5.31905e-02, -1.54552e-01, 1.83049e-01, 1.52000e+00
-2.98191e-02, -1.08824e-01, 1.67276e-01, 1.54000e+00
-7.41629e-03, -5.60283e-02, 1.46002e-01, 1.56000e+00
1.41736e-02, 1.75514e-03, 1.20702e-01, 1.58000e+00
3.52379e-02, 6.21524e-02, 9.30324e-02, 1.60000e+00
5.61363e-02, 1.22627e-01, 6.47459e-02, 1.62000e+00
7.72370e-02, 1.80625e-01, 3.76110e-02, 1.64000e+00
9.88509e-02, 2.33717e-01, 1.33234e-02, 1.66000e+00
1.21171e-01, 2.79736e-01, -6.57542e-03, 1.68000e+00
1.44221e-01, 3.16898e-01, -2.07724e-02, 1.70000e+00
1.67822e-01, 3.43899e-01, -2.82441e-02, 1.72000e+00
1.91569e-01, 3.59985e-01, -2.83036e-02, 1.74000e+00
2.14836e-01, 3.64986e-01, -2.06288e-02, 1.76000e+00
2.36796e-01, 3.59318e-01, -5.27238e-03, 1.78000e+00
2.56462e-01, 3.43948e-01, 1.73475e-02, 1.80000e+00
2.72746e-01, 3.20329e-01, 4.64748e-02, 1.82000e+00
2.84531e-01, 2.90305e-01, 8.10593e-02, 1.84000e+00
2.90752e-01, 2.55992e-01, 1.19815e-01, 1.86000e+00
2.90481e-01, 2.19652e-01, 1.61286e-01, 1.88000e+00
2.83008e-01, 1.83549e-01, 2.03922e-01, 1.90000e+00
2.67916e-01, 1.49822e-01, 2.46156e-01, 1.92000e+00
2.45136e-01, 1.20354e-01, 2.86474e-01, 1.94000e+00
2.14992e-01, 9.66659e-02, 3.23484e-01, 1.96000e+00
1.78215e-01, 7.98393e-02, 3.55977e-01, 1.98000e+00
1.35938e-01, 7.04597e-02, 3.82969e-01, 2.00000e+00
8.96579e-02, 6.85976e-02, 4.03734e-01, 2.02000e+00
4.11828e-02, 7.38209e-02, 4.17819e-01, 2.04000e+00
-7.45232e-03, 8.52390e-02, 4.25046e-01, 2.06000e+00
-5.40830e-02, 1.01575e-01, 4.25496e-01, 2.08000e+00
-9.65273e-02, 1.21261e-01, 4.19484e-01, 2.10000e+00
-1.32703e-01, 1.42551e-01, 4.07521e-01, 2.12000e+00
-1.60748e-01, 1.63641e-01, 3.90266e-01, 2.14000e+00
-1.79125e-01, 1.82791e-01, 3.68483e-01, 2.16000e+00
-1.86724e-01, 1.98440e-01, 3.42987e-01, 2.18000e+00
-1.82930e-01, 2.09306e-01, 3.14597e-01, 2.20000e+00
-1.67682e-01, 2.14469e-01, 2.84094e-01, 2.22000e+00
-1.41483e-01, 2.13417e-01, 2.52192e-01, 2.24000e+00
-1.05400e-01, 2.06080e-01, 2.19504e-01, 2.26000e+00
-6.10179e-02, 1.92814e-01, 1.86539e-01, 2.28000e+00
-1.03680e-02, 1.74374e-01, 1.53690e-01, 2.30000e+00
4.41643e-02, 1.51847e-01, 1.21247e-01, 2.32000e+00
9.99582e-02, 1.26566e-01, 8.94109e-02, 2.34000e+00
1.54288e-01, 1.00014e-01, 5.83144e-02, 2.36000e+00
2.04461e-01, 7.37058e-02, 2.80509e-02, 2.38000e+00
2.47954e-01, 4.90848e-02, -1.29817e-03, 2.40000e+00
2.82546e-01, 2.74104e-02, -2.96364e-02, 2.42000e+00
3.06426e-01, 9.66858e-03, -5.68289e-02, 2.44000e+00
3.18291e-01, -3.50116e-03, -8.26861e-02, 2.46000e+00
3.17405e-01, -1.18535e-02, -1.06954e-01, 2.48000e+00
3.03636e-01, -1.55567e-02, -1.29316e-01, 2.50000e+00
2.77459e-01, -1.51817e-02, -1.49399e-01, 2.52000e+00
2.39923e-01, -1.16634e-02, -1.66797e-01, 2.54000e+00
1.92593e-01, -6.23355e-03, -1.81094e-01, 2.56000e+00
1.37461e-01, -3.33202e-04, -1.91900e-01, 2.58000e+00
7.68408e-02, 4.49250e-03, -1.98882e-01, 2.60000e+00
1.32424e-02, 6.70821e-03, -2.01807e-01, 2.62000e+00
-5.07569e-02, 4.90401e-03, -2.00576e-01, 2.64000e+00
-1.12644e-01, -2.09527e-03, -1.95251e-01, 2.66000e+00
-1.70092e-01, -1.51346e-02, -1.86080e-01, 2.68000e+00
-2.21071e-01, -3.46538e-02, -1.73506e-01, 2.70000e+00
-2.63938e-01, -6.06385e-02, -1.58170e-01, 2.72000e+00
-2.97502e-01, -9.26011e-02, -1.40897e-01, 2.74000e+00
-3.21060e-01, -1.29593e-01, -1.22668e-01, 2.76000e+00
-3.34407e-01, -1.70246e-01, -1.04584e-01, 2.78000e+00
-3.37820e-01, -2.12848e-01, -8.78136e-02, 2.80000e+00
-3.32007e-01, -2.55438e-01, -7.35399e-02, 2.82000e+00
-3.18047e-01, -2.95920e-01, -6.28946e-02, 2.84000e+00
-2.97298e-01, -3.32195e-01, -5.68950e-02, 2.86000e+00
-2.71309e-01, -3.62288e-01, -5.63820e-02, 2.88000e+00
-2.41712e-01, -3.84473e-01, -6.19636e-02, 2.90000e+00
-2.10127e-01, -3.97391e-01, -7.39693e-02, 2.92000e+00
-1.78070e-01, -4.00139e-01, -9.24156e-02, 2.94000e+00
-1.46872e-01, -3.92339e-01, -1.16989e-01, 2.96000e+00
-1.17622e-01, -3.74169e-01, -1.47042e-01, 2.98000e+00
-9.11248e-02, -3.46370e-01, -1.81614e-01, 3.00000e+00
-6.78855e-02, -3.10210e-01, -2.19462e-01, 3.02000e+00
-4.81123e-02, -2.67420e-01, -2.59111e-01, 3.04000e+00
-3.17440e-02, -2.20098e-01, -2.98918e-01, 3.06000e+00
-1.84938e-02, -1.70596e-01, -3.37148e-01, 3.08000e+00
-7.90739e-03, -1.21380e-01, -3.72053e-01, 3.10000e+00
5.70190e-04, -7.48945e-02, -4.01957e-01, 3.12000e+00
7.52378e-03, -3.34158e-02, -4.25339e-01, 3.14000e+00
1.34997e-02, 1.07792e-03, -4.40908e-01, 3.16000e+00
1.89446e-02, 2.70228e-02, -4.47666e-01, 3.18000e+00
2.41568e-02, 4.33599e-02, -4.44961e-01, 3.20000e+00
2.92535e-02, 4.95964e-02, -4.32524e-01, 3.22000e+00
3.41558e-02, 4.58327e-02, -4.10477e-01, 3.24000e+00
3.85946e-02, 3.27550e-02, -3.79334e-01, 3.26000e+00
4.21341e-02, 1.15914e-02, -3.39977e-01, 3.28000e+00
4.42142e-02, -1.59620e-02, -2.93611e-01, 3.30000e+00
4.42062e-02, -4.78446e-02, -2.41709e-01, 3.32000e+00
4.14788e-02, -8.17548e-02, -1.85939e-01, 3.34000e+00
3.54688e-02, -1.15287e-01, -1.28088e-01, 3.36000e+00
2.57512e-02, -1.46076e-01, -6.99768e-02, 3.38000e+00
1.21035e-02, -1.71931e-01, -1.33770e-02, 3.40000e+00
-5.44258e-03, -1.90969e-01, 4.00684e-02, 3.42000e+00
-2.65645e-02, -2.01718e-01, 8.89146e-02, 3.44000e+00
-5.06328e-02, -2.03196e-01, 1.31973e-01, 3.46000e+00
-7.67167e-02, -1.94966e-01, 1.68356e-01, 3.48000e+00
-1.03613e-01, -1.77151e-01, 1.97500e-01, 3.50000e+00
-1.29894e-01, -1.50413e-01, 2.19179e-01, 3.52000e+00
-1.53982e-01, -1.15908e-01, 2.33491e-01, 3.54000e+00
-1.74232e-01, -7.52016e-02, 2.40838e-01, 3.56000e+00
-1.89027e-01, -3.01712e-02, 2.41881e-01, 3.58000e+00
-1.96884e-01, 1.71180e-02, 2.37496e-01, 3.60000e+00
-1.96551e-01, 6.45407e-02, 2.28711e-01, 3.62000e+00
-1.87098e-01, 1.10041e-01, 2.16644e-01, 3.64000e+00
-1.67999e-01, 1.51756e-01, 2.02443e-01, 3.66000e+00
-1.39187e-01, 1.88122e-01, 1.87221e-01, 3.68000e+00
-1.01086e-01, 2.17961e-01, 1.72006e-01, 3.70000e+00
-5.46230e-02, 2.40540e-01, 1.57697e-01, 3.72000e+00
-1.20002e-03, 2.55599e-01, 1.45029e-01, 3.74000e+00
5.73535e-02, 2.63346e-01, 1.34556e-01, 3.76000e+00
1.18859e-01, 2.64430e-01, 1.26644e-01, 3.78000e+00
1.80887e-01, 2.59870e-01, 1.21474e-01, 3.80000e+00
2.40877e-01, 2.50979e-01, 1.19059e-01, 3.82000e+00
2.96262e-01, 2.39254e-01, 1.19274e-01, 3.84000e+00
3.44603e-01, 2.26265e-01, 1.21883e-01, 3.86000e+00
3.83716e-01, 2.13543e-01, 1.26576e-01, 3.88000e+00
4.11792e-01, 2.02464e-01, 1.33008e-01, 3.90000e+00
4.27491e-01, 1.94155e-01, 1.40832e-01, 3.92000e+00
4.30023e-01, 1.89413e-01, 1.49726e-01, 3.94000e+00
4.19194e-01, 1.88656e-01, 1.59420e-01, 3.96000e+00
3.95420e-01, 1.91891e-01, 1.69704e-01, 3.98000e+00
3.59713e-01, 1.98722e-01, 1.80437e-01, 4.00000e+00
3.13632e-01, 2.08380e-01, 1.91539e-01, 4.02000e+00
2.59204e-01, 2.19787e-01, 2.02981e-01, 4.04000e+00
1.98823e-01, 2.31636e-01, 2.14760e-01, 4.06000e+00
1.35133e-01, 2.42489e-01, 2.26873e-01, 4.08000e+00
7.08838e-02, 2.50891e-01, 2.39294e-01, 4.10000e+00
8.80396e-03, 2.55477e-01, 2.51941e-01, 4.12000e+00
-4.85427e-02, 2.55084e-01, 2.64650e-01, 4.14000e+00
-9.88791e-02, 2.48840e-01, 2.77157e-01, 4.16000e+00
-1.40324e-01, 2.36244e-01, 2.89089e-01, 4.18000e+00
-1.71476e-01, 2.17210e-01, 2.99955e-01, 4.20000e+00
-1.91472e-01, 1.92094e-01, 3.09159e-01, 4.22000e+00
-2.00015e-01, 1.61680e-01, 3.16017e-01, 4.24000e+00
-1.97368e-01, 1.27147e-01, 3.19786e-01, 4.26000e+00
-1.84322e-01, 8.99956e-02, 3.19704e-01, 4.28000e+00
-1.62136e-01, 5.19628e-02, 3.15034e-01, 4.30000e+00
-1.32448e-01, 1.49099e-02, 3.05113e-01, 4.32000e+00
-9.71779e-02, -1.92958e-02, 2.89403e-01, 4.34000e+00
-5.84107e-02, -4.89051e-02, 2.67536e-01, 4.36000e+00
-1.82794e-02, -7.24043e-02, 2.39362e-01, 4.38000e+00
2.11494e-02, -8.86216e-02, 2.04975e-01, 4.40000e+00
5.79820e-02, -9.68126e-02, 1.64739e-01, 4.42000e+00
9.05871e-02, -9.67201e-02, 1.19294e-01, 4.44000e+00
1.17666e-01, -8.86044e-02, 6.95498e-02, 4.46000e+00
1.38300e-01, -7.32405e-02, 1.66599e-02, 4.48000e+00
1.51971e-01, -5.18824e-02, -3.80150e-02, 4.50000e+00
1.58556e-01, -2.61968e-02, -9.29595e-02, 4.52000e+00
1.58301e-01, 1.83167e-03, -1.46567e-01, 4.54000e+00
1.51772e-01, 3.00154e-02, -1.97211e-01, 4.56000e+00
1.39788e-01, 5.60953e-02, -2.43322e-01, 4.58000e+00
1.23342e-01, 7.78776e-02, -2.83462e-01, 4.60000e+00
1.03520e-01, 9.33697e-02, -3.16397e-01, 4.62000e+00
8.14188e-02, 1.00906e-01, -3.41164e-01, 4.64000e+00
5.80681e-02, 9.92545e-02, -3.57120e-01, 4.66000e+00
3.43643e-02, 8.76994e-02, -3.63980e-01, 4.68000e+00
1.10219e-02, 6.60934e-02, -3.61838e-01, 4.70000e+00
-1.14585e-02, 3.48751e-02, -3.51168e-01, 4.72000e+00
-3.28013e-02, -4.94716e-03, -3.32804e-01, 4.74000e+00
-5.29468e-02, -5.18471e-02, -3.07906e-01, 4.76000e+00
-7.20235e-02, -1.03863e-01, -2.77904e-01, 4.78000e+00
-9.03040e-02, -1.58706e-01, -2.44431e-01, 4.80000e+00
-1.08148e-01, -2.13891e-01, -2.09247e-01, 4.82000e+00
-1.25941e-01, -2.66875e-01, -1.74153e-01, 4.84000e+00
-1.44025e-01, -3.15206e-01, -1.40902e-01, 4.86000e+00
-1.62639e-01, -3.56656e-01, -1.11120e-01, 4.88000e+00
-1.81863e-01, -3.89354e-01, -8.62253e-02, 4.90000e+00
-2.01582e-01, -4.11885e-01, -6.73665e-02, 4.92000e+00
-2.21456e-01, -4.23367e-01, -5.53682e-02, 4.94000e+00
-2.40921e-01, -4.23501e-01, -5.06986e-02, 4.96000e+00
-2.59205e-01, -4.12575e-01, -5.34542e-02, 4.98000e+00
-2.75362e-01, -3.91441e-01, -6.33632e-02, 5.00000e+00
-2.88330e-01, -3.61460e-01, -7.98080e-02, 5.02000e+00
-2.96996e-01, -3.24409e-01, -1.01865e-01, 5.04000e+00
-3.00280e-01, -2.82373e-01, -1.28357e-01, 5.06000e+00
-2.97217e-01, -2.37619e-01, -1.57919e-01, 5.08000e+00
-2.87040e-01, -1.92455e-01, -1.89072e-01, 5.10000e+00
-2.69260e-01, -1.49097e-01, -2.20296e-01, 5.12000e+00
-2.43723e-01, -1.09537e-01, -2.50105e-01, 5.14000e+00
-2.10663e-01, -7.54375e-02, -2.77116e-01, 5.16000e+00
-1.70719e-01, -4.80352e-02, -3.00111e-01, 5.18000e+00
-1.24939e-01, -2.80849e-02, -3.18086e-01, 5.20000e+00
-7.47505e-02, -1.58290e-02, -3.30283e-01, 5.22000e+00
-2.19100e-02, -1.10009e-02, -3.36214e-01, 5.24000e+00
3.15735e-02, -1.28609e-02, -3.35662e-01, 5.26000e+00
8.35326e-02, -2.02616e-02, -3.28675e-01, 5.28000e+00
1.31751e-01, -3.17370e-02, -3.15537e-01, 5.30000e+00
1.74080e-01, -4.56109e-02, -2.96736e-01, 5.32000e+00
2.08559e-01, -6.01163e-02, -2.72922e-01, 5.34000e+00
2.33527e-01, -7.35167e-02, -2.44857e-01, 5.36000e+00
2.47724e-01, -8.42243e-02, -2.13366e-01, 5.38000e+00
2.50373e-01, -9.09043e-02, -1.79290e-01, 5.40000e+00
2.41236e-01, -9.25600e-02, -1.43441e-01, 5.42000e+00
2.20647e-01, -8.85936e-02, -1.06567e-01, 5.44000e+00
1.89505e-01, -7.88384e-02, -6.93239e-02, 5.46000e+00
1.49245e-01, -6.35599e-02, -3.22618e-02, 5.48000e+00
1.01777e-01, -4.34288e-02, 4.18357e-03, 5.50000e+00
4.93921e-02, -1.94639e-02, 3.96846e-02, 5.52000e+00
-5.34571e-03, 7.04672e-03, 7.40090e-02, 5.54000e+00
-5.97282e-02, 3.46434e-02, 1.06998e-01, 5.56000e+00
-1.11040e-01, 6.18040e-02, 1.38542e-01, 5.58000e+00
-1.56695e-01, 8.70557e-02, 1.68550e-01, 5.60000e+00
-1.94374e-01, 1.09084e-01, 1.96926e-01, 5.62000e+00
-2.22137e-01, 1.26827e-01, 2.23541e-01, 5.64000e+00
-2.38524e-01, 1.39558e-01, 2.48216e-01, 5.66000e+00
-2.42629e-01, 1.46936e-01, 2.70713e-01, 5.68000e+00
-2.34141e-01, 1.49032e-01, 2.90729e-01, 5.70000e+00
-2.13356e-01, 1.46331e-01, 3.07908e-01, 5.72000e+00
-1.81154e-01, 1.39694e-01, 3.21855e-01, 5.74000e+00
-1.38951e-01, 1.30304e-01, 3.32160e-01, 5.76000e+00
-8.86128e-02, 1.19576e-01, 3.38432e-01, 5.78000e+00
-3.23580e-02, 1.09064e-01, 3.40335e-01, 5.80000e+00
2.73637e-02, 1.00341e-01, 3.37623e-01, 5.82000e+00
8.80002e-02, 9.48873e-02, 3.30178e-01, 5.84000e+00
1.47027e-01, 9.39755e-02, 3.18044e-01, 5.86000e+00
2.02075e-01, 9.85735e-02, 3.01444e-01, 5.88000e+00
2.51043e-01, 1.09262e-01, 2.80804e-01, 5.90000e+00
2.92190e-01, 1.26177e-01, 2.56750e-01, 5.92000e+00
3.24213e-01, 1.48984e-01, 2.30098e-01, 5.94000e+00
3.46290e-01, 1.76882e-01, 2.01835e-01, 5.96000e+00
3.58093e-01, 2.08636e-01, 1.73081e-01, 5.98000e+00
3.59783e-01, 2.42645e-01, 1.45040e-01, 6.00000e+00
3.51966e-01, 2.77031e-01, 1.18948e-01, 6.02000e+00
3.35638e-01, 3.09751e-01, 9.60103e-02, 6.04000e+00
3.12097e-01, 3.38720e-01, 7.73339e-02, 6.06000e+00
2.82855e-01, 3.61949e-01, 6.38670e-02, 6.08000e+00
2.49540e-01, 3.77661e-01, 5.63392e-02, 6.10000e+00
2.13789e-01, 3.84422e-01, 5.52122e-02, 6.12000e+00
1.77162e-01, 3.81228e-01, 6.06418e-02, 6.14000e+00
1.41053e-01, 3.67588e-01, 7.24550e-02, 6.16000e+00
1.06631e-01, 3.43562e-01, 9.01437e-02, 6.18000e+00
7.47897e-02, 3.09774e-01, 1.12876e-01, 6.20000e+00
4.61276e-02, 2.67389e-01, 1.39525e-01, 6.22000e+00
2.09448e-02, 2.18055e-01, 1.68716e-01, 6.24000e+00
-7.34531e-04, 1.63816e-01, 1.98884e-01, 6.26000e+00
-1.91235e-02, 1.07000e-01, 2.28347e-01, 6.28000e+00
-3.46173e-02, 5.00901e-02, 2.55387e-01, 6.30000e+00
-4.77286e-02, -4.41930e-03, 2.78332e-01, 6.32000e+00
-5.90172e-02, -5.41621e-02, 2.95640e-01, 6.34000e+00
-6.90212e-02, -9.70385e-02, 3.05974e-01, 6.36000e+00
-7.81935e-02, -1.31335e-01, 3.08276e-01, 6.38000e+00
-8.68501e-02, -1.55823e-01, 3.01817e-01, 6.40000e+00
-9.51328e-02, -1.69828e-01, 2.86238e-01, 6.42000e+00
-1.02990e-01, -1.73268e-01, 2.61570e-01, 6.44000e+00
-1.10179e-01, -1.66653e-01, 2.28237e-01, 6.46000e+00
-1.16283e-01, -1.51052e-01, 1.87034e-01, 6.48000e+00
-1.20749e-01, -1.28027e-01, 1.39093e-01, 6.50000e+00
-1.22944e-01, -9.95371e-02, 8.58279e-02, 6.52000e+00
-1.22216e-01, -6.78204e-02, 2.88669e-02, 6.54000e+00
-1.17967e-01, -3.52580e-02, -3.00232e-02, 6.56000e+00
-1.09720e-01, -4.23348e-03, -8.90204e-02, 6.58000e+00
-9.71892e-02, 2.30082e-02, -1.46331e-01, 6.60000e+00
-8.03350e-02, 4.44913e-02, -2.00270e-01, 6.62000e+00
-5.94036e-02, 5.86222e-02, -2.49335e-01, 6.64000e+00
-3.49495e-02, 6.42779e-02, -2.92264e-01, 6.66000e+00
-7.83602e-03, 6.08649e-02, -3.28090e-01, 6.68000e+00
2.07879e-02, 4.83447e-02, -3.56165e-01, 6.70000e+00
4.95325e-02, 2.72256e-02, -3.76177e-01, 6.72000e+00
7.68323e-02, -1.47903e-03, -3.88148e-01, 6.74000e+00
1.01029e-01, -3.63226e-02, -3.92408e-01, 6.76000e+00
1.20467e-01, -7.55223e-02, -3.89566e-01, 6.78000e+00
1.33594e-01, -1.17075e-01, -3.80457e-01, 6.80000e+00
1.39059e-01, -1.58886e-01, -3.66090e-01, 6.82000e+00
1.35817e-01, -1.98895e-01, -3.47583e-01, 6.84000e+00
1.23202e-01, -2.35207e-01, -3.26100e-01, 6.86000e+00
1.00996e-01, -2.66199e-01, -3.02794e-01, 6.88000e+00
6.94678e-02, -2.90616e-01, -2.78746e-01, 6.90000e+00
2.93896e-02, -3.07633e-01, -2.54923e-01, 6.92000e+00
-1.79794e-02, -3.16895e-01, -2.32140e-01, 6.94000e+00
-7.09358e-02, -3.18522e-01, -2.11036e-01, 6.96000e+00
-1.27402e-01, -3.13080e-01, -1.92066e-01, 6.98000e+00
-1.85019e-01, -3.01531e-01, -1.75502e-01, 7.00000e+00
-2.41262e-01, -2.85149e-01, -1.61447e-01, 7.02000e+00
-2.93566e-01, -2.65423e-01, -1.49856e-01, 7.04000e+00
-3.39454e-01, -2.43949e-01, -1.40569e-01, 7.06000e+00
-3.76672e-01, -2.22306e-01, -1.33347e-01, 7.08000e+00
-4.03306e-01, -2.01952e-01, -1.27903e-01, 7.10000e+00
-4.17891e-01, -1.84119e-01, -1.23941e-01, 7.12000e+00
-4.19493e-01, -1.69726e-01, -1.21187e-01, 7.14000e+00
-4.07760e-01, -1.59324e-01, -1.19409e-01, 7.16000e+00
-3.82954e-01, -1.53057e-01, -1.18434e-01, 7.18000e+00
-3.45939e-01, -1.50664e-01, -1.18158e-01, 7.20000e+00
-2.98140e-01, -1.51499e-01, -1.18536e-01, 7.22000e+00
-2.41480e-01, -1.54586e-01, -1.19575e-01, 7.24000e+00
-1.78275e-01, -1.58697e-01, -1.21316e-01, 7.26000e+00
-1.11126e-01, -1.62448e-01, -1.23802e-01, 7.28000e+00
-4.27817e-02, -1.64405e-01, -1.27057e-01, 7.30000e+00
2.39962e-02, -1.63197e-01, -1.31052e-01, 7.32000e+00
8.65716e-02, -1.57625e-01, -1.35682e-01, 7.34000e+00
1.42563e-01, -1.46760e-01, -1.40742e-01, 7.36000e+00
1.89954e-01, -1.30022e-01, -1.45911e-01, 7.38000e+00
2.27192e-01, -1.07239e-01, -1.50753e-01, 7.40000e+00
2.53243e-01, -7.86741e-02, -1.54717e-01, 7.42000e+00
2.67640e-01, -4.50258e-02, -1.57154e-01, 7.44000e+00
2.70475e-01, -7.39558e-03, -1.57345e-01, 7.46000e+00
2.62384e-01, 3.27713e-02, -1.54538e-01, 7.48000e+00
2.44487e-01, 7.37712e-02, -1.47990e-01, 7.50000e+00
2.18312e-01, 1.13747e-01, -1.37016e-01, 7.52000e+00
1.85697e-01, 1.50807e-01, -1.21039e-01, 7.54000e+00
1.48676e-01, 1.83144e-01, -9.96430e-02, 7.56000e+00
1.09368e-01, 2.09164e-01, -7.26108e-02, 7.58000e+00
6.98572e-02, 2.27586e-01, -3.99652e-02, 7.60000e+00
3.20835e-02, 2.37543e-01, -1.99166e-03, 7.62000e+00
-2.24913e-03, 2.38643e-01, 4.07498e-02, 7.64000e+00
-3.17496e-02, 2.31012e-01, 8.74280e-02, 7.66000e+00
-5.53930e-02, 2.15295e-01, 1.36960e-01, 7.68000e+00
-7.25481e-02, 1.92635e-01, 1.88044e-01, 7.70000e+00
-8.29800e-02, 1.64608e-01, 2.39210e-01, 7.72000e+00
-8.68283e-02, 1.33141e-01, 2.88882e-01, 7.74000e+00
-8.45632e-02, 1.00400e-01, 3.35442e-01, 7.76000e+00
-7.69238e-02, 6.86573e-02, 3.77310e-01, 7.78000e+00
-6.48438e-02, 4.01627e-02, 4.13021e-01, 7.80000e+00
-4.93691e-02, 1.70005e-02, 4.41296e-01, 7.82000e+00
-3.15755e-02, 9.62771e-04, 4.61111e-01, 7.84000e+00
-1.24897e-02, -6.56439e-03, 4.71753e-01, 7.86000e+00
6.97888e-03, -4.69043e-03, 4.72860e-01, 7.88000e+00
2.60920e-02, 6.91888e-03, 4.64449e-01, 7.90000e+00
4.43187e-02, 2.80138e-02, 4.46917e-01, 7.92000e+00
6.13514e-02, 5.77680e-02, 4.21037e-01, 7.94000e+00
7.71019e-02, 9.48206e-02, 3.87915e-01, 7.96000e+00
9.16778e-02, 1.37351e-01, 3.48950e-01, 7.98000e+00
1.05342e-01, 1.83180e-01, 3.05765e-01, 8.00000e+00
1.18460e-01, 2.29896e-01, 2.60135e-01, 8.02000e+00
1.31435e-01, 2.74992e-01, 2.13898e-01, 8.04000e+00
1.44645e-01, 3.16011e-01, 1.68874e-01, 8.06000e+00
1.58376e-01, 3.50687e-01, 1.26777e-01, 8.08000e+00
1.72771e-01, 3.77075e-01, 8.91377e-02, 8.10000e+00
1.87777e-01, 3.93662e-01, 5.72307e-02, 8.12000e+00
2.03127e-01, 3.99450e-01, 3.20230e-02, 8.14000e+00
2.18322e-01, 3.94012e-01, 1.41330e-02, 8.16000e+00
2.32649e-01, 3.77512e-01, 3.80938e-03, 8.18000e+00
2.45209e-01, 3.50684e-01, 9.30128e-04, 8.20000e+00
2.54968e-01, 3.14789e-01, 5.01917e-03, 8.22000e+00
2.60825e-01, 2.71530e-01, 1.52810e-02, 8.24000e+00
2.61688e-01, 2.22951e-01, 3.06504e-02, 8.26000e+00
2.56557e-01, 1.71306e-01, 4.98543e-02, 8.28000e+00
2.44611e-01, 1.18933e-01, 7.14819e-02, 8.30000e+00
2.25286e-01, 6.81083e-02, 9.40596e-02, 8.32000e+00
1.98344e-01, 2.09205e-02, 1.16125e-01, 8.34000e+00
1.63921e-01, -2.08486e-02, 1.36299e-01, 8.36000e+00
1.22559e-01, -5.58189e-02, 1.53346e-01, 8.38000e+00
7.52102e-02, -8.30810e-02, 1.66230e-01, 8.40000e+00
2.32209e-02, -1.02234e-01, 1.74150e-01, 8.42000e+00
-3.17187e-02, -1.13392e-01, 1.76564e-01, 8.44000e+00
-8.76417e-02, -1.17153e-01, 1.73202e-01, 8.46000e+00
-1.42395e-01, -1.14545e-01, 1.64052e-01, 8.48000e+00
-1.93747e-01, -1.06943e-01, 1.49349e-01, 8.50000e+00
-2.39501e-01, -9.59616e-02, 1.29533e-01, 8.52000e+00
-2.77617e-01, -8.33414e-02, 1.05218e-01, 8.54000e+00
-3.06326e-01, -7.08256e-02, 7.71379e-02, 8.56000e+00
-3.24238e-01, -6.00417e-02, 4.61005e-02, 8.58000e+00
-3.30426e-01, -5.23923e-02, 1.29385e-02, 8.60000e+00
-3.24492e-01, -4.89648e-02, -2.15350e-02, 8.62000e+00
-3.06606e-01, -5.04636e-02, -5.65643e-02, 8.64000e+00
-2.77511e-01, -5.71710e-02, -9.14806e-02, 8.66000e+00
-2.38500e-01, -6.89367e-02, -1.25720e-01, 8.68000e+00
-1.91363e-01, -8.51988e-02, -1.58834e-01, 8.70000e+00
-1.38302e-01, -1.05033e-01, -1.90483e-01, 8.72000e+00
-8.18239e-02, -1.27224e-01, -2.20430e-01, 8.74000e+00
-2.46217e-02, -1.50365e-01, -2.48517e-01, 8.76000e+00
3.05657e-02, -1.72955e-01, -2.74644e-01, 8.78000e+00
8.10904e-02, -1.93520e-01, -2.98737e-01, 8.80000e+00
1.24530e-01, -2.10717e-01, -3.20724e-01, 8.82000e+00
1.58813e-01, -2.23436e-01, -3.40506e-01, 8.84000e+00
1.82319e-01, -2.30882e-01, -3.57943e-01, 8.86000e+00
1.93964e-01, -2.32641e-01, -3.72833e-01, 8.88000e+00
1.93248e-01, -2.28706e-01, -3.84914e-01, 8.90000e+00
1.80278e-01, -2.19489e-01, -3.93867e-01, 8.92000e+00
1.55753e-01, -2.05793e-01, -3.99331e-01, 8.94000e+00
1.20923e-01, -1.88759e-01, -4.00925e-01, 8.96000e+00
7.75117e-02, -1.69788e-01, -3.98280e-01, 8.98000e+00
2.76267e-02, -1.50446e-01, -3.91072e-01, 9.00000e+00
-2.63605e-02, -1.32349e-01, -3.79061e-01, 9.02000e+00
-8.19398e-02, -1.17052e-01, -3.62130e-01, 9.04000e+00
-1.36593e-01, -1.05930e-01, -3.40311e-01, 9.06000e+00
-1.87920e-01, -1.00078e-01, -3.13822e-01, 9.08000e+00
-2.33761e-01, -1.00222e-01, -2.83075e-01, 9.10000e+00
-2.72291e-01, -1.06654e-01, -2.48687e-01, 9.12000e+00
-3.02101e-01, -1.19200e-01, -2.11474e-01, 9.14000e+00
-3.22253e-01, -1.37212e-01, -1.72428e-01, 9.16000e+00
-3.32300e-01, -1.59596e-01, -1.32685e-01, 9.18000e+00
-3.32286e-01, -1.84870e-01, -9.34852e-02, 9.20000e+00
-3.22711e-01, -2.11249e-01, -5.61116e-02, 9.22000e+00
-3.04480e-01, -2.36747e-01, -2.18341e-02, 9.24000e+00
-2.78825e-01, -2.59307e-01, 8.15723e-03, 9.26000e+00
-2.47215e-01, -2.76923e-01, 3.28164e-02, 9.28000e+00
-2.11257e-01, -2.87776e-01, 5.13024e-02, 9.30000e+00
-1.72600e-01, -2.90351e-01, 6.30320e-02, 9.32000e+00
-1.32835e-01, -2.83545e-01, 6.77213e-02, 9.34000e+00
-9.34083e-02, -2.66745e-01, 6.54137e-02, 9.36000e+00
-5.55585e-02, -2.39883e-01, 5.64908e-02, 9.38000e+00
-2.02595e-02, -2.03452e-01, 4.16662e-02, 9.40000e+00
1.18059e-02, -1.58498e-01, 2.19618e-02, 9.42000e+00
4.02530e-02, -1.06563e-01, -1.33426e-03, 9.44000e+00
6.49794e-02, -4.96146e-02, -2.67230e-02, 9.46000e+00
8.61309e-02, 1.00681e-02, -5.25642e-02, 9.48000e+00
1.04050e-01, 7.00151e-02, -7.71544e-02, 9.50000e+00
1.19212e-01, 1.27707e-01, -9.88099e-02, 9.52000e+00
1.32160e-01, 1.80719e-01, -1.15950e-01, 9.54000e+00
1.43430e-01, 2.26856e-01, -1.27179e-01, 9.56000e+00
1.53489e-01, 2.64282e-01, -1.31353e-01, 9.58000e+00
1.62681e-01, 2.91626e-01, -1.27644e-01, 9.60000e+00
1.71181e-01, 3.08054e-01, -1.15583e-01, 9.62000e+00
1.78980e-01, 3.13323e-01, -9.50809e-02, 9.64000e+00
1.85870e-01, 3.07785e-01, -6.64427e-02, 9.66000e+00
1.91469e-01, 2.92367e-01, -3.03489e-02, 9.68000e+00
1.95249e-01, 2.68513e-01, 1.21743e-02, 9.70000e+00
1.96586e-01, 2.38093e-01, 5.98048e-02, 9.72000e+00
1.94824e-01, 2.03293e-01, 1.10988e-01, 9.74000e+00
1.89345e-01, 1.66481e-01, 1.64011e-01, 9.76000e+00
1.79636e-01, 1.30068e-01, 2.17083e-01, 9.78000e+00
1.65362e-01, 9.63677e-02, 2.68423e-01, 9.80000e+00
1.46426e-01, 6.74586e-02, 3.16336e-01, 9.82000e+00
1.23007e-01, 4.50688e-02, 3.59290e-01, 9.84000e+00
9.55959e-02, 3.04789e-02, 3.95983e-01, 9.86000e+00
6.49954e-02, 2.44553e-02, 4.25393e-01, 9.88000e+00
3.23060e-02, 2.72151e-02, 4.46811e-01, 9.90000e+00
-1.11481e-03, 3.84251e-02, 4.59866e-01, 9.92000e+00
-3.37125e-02, 5.72351e-02, 4.64519e-01, 9.94000e+00
-6.38148e-02, 8.23414e-02, 4.61051e-01, 9.96000e+00
-8.97239e-02, 1.12078e-01, 4.50028e-01, 9.98000e+00
